{
  "dataset": "fiqa",
  "split": "test",
  "index": "beir-v1.0.0-fiqa.flat",
  "rm3": true,
  "grid_size": 121,
  "n_queries": 648,
  "total_grid_time_s": 3628.03,
  "k1_values": [
    0,
    0.3,
    0.6,
    0.9,
    1.2,
    1.5,
    1.8,
    2.1,
    2.4,
    2.7,
    3
  ],
  "b_values": [
    0,
    0.1,
    0.2,
    0.3,
    0.4,
    0.5,
    0.6,
    0.7,
    0.8,
    0.9,
    1
  ],
  "top1": {
    "k1": 0.9,
    "b": 0.9,
    "NDCG@10": 0.22548,
    "NDCG@100": 0.29059,
    "Recall@10": 0.29399,
    "Recall@100": 0.54819,
    "time_s": 28.59,
    "avg_latency_ms": 44.121
  }
}