{
  "dataset": "scidocs",
  "split": "test",
  "index": "beir-v1.0.0-scidocs.flat",
  "rm3": true,
  "grid_size": 121,
  "n_queries": 1000,
  "total_grid_time_s": 6480.56,
  "k1_values": [
    0,
    0.3,
    0.6,
    0.9,
    1.2,
    1.5,
    1.8,
    2.1,
    2.4,
    2.7,
    3
  ],
  "b_values": [
    0,
    0.1,
    0.2,
    0.3,
    0.4,
    0.5,
    0.6,
    0.7,
    0.8,
    0.9,
    1
  ],
  "top1": {
    "k1": 1.8,
    "b": 1.0,
    "NDCG@10": 0.16049,
    "NDCG@100": 0.22969,
    "Recall@10": 0.17243,
    "Recall@100": 0.37703,
    "time_s": 52.709,
    "avg_latency_ms": 52.709
  }
}